original,label,antonym_raw,add_not_raw,antonym,add_not
"Earnings per share ( EPS ) amounted to EUR1 .37 , down from EUR2 .30 .",negative,"Earnings per share ( EPS ) amounted to EUR1 .37 , down from EUR2 .30 .","Earnings per share ( EPS ) didn't amount to EUR1 .37 , down from EUR2 .30 .","Earnings per share ( EPS ) amounted to EUR1 .37 , down from EUR2 .30 .","Earnings per share ( EPS ) didn't amount to EUR1 .37 , down from EUR2 .30 ."
"Kiosk and cinema operations have suffered , in particular .",negative,"Kiosk and cinema operations have enjoy , in particular .","Kiosk and cinema operations don't have suffered , in particular .","Kiosk and cinema operations have enjoyed , in particular .","Kiosk and cinema operations don't have suffered, in particular."
"Last week , the Finnish metals and technology group announced plans to sell more than 80 percent of its technology unit to further the company 's strategic goal of becoming the world 's largest stainless steel maker .",positive,"Last week , the Finnish metals and technology group announced plans to buy more than 80 percent of its technology unit to further the company 's strategic goal of becoming the world 's largest stainless steel maker .","Last week , the Finnish metals and technology group didn't announce plans to sell more than 80 percent of its technology unit to further the company 's strategic goal of becoming the world 's largest stainless steel maker .","Last week, the Finnish metals and technology group announced plans to buy more than 80 percent of its technology unit to further the company's strategic goal of becoming the world's largest stainless steel maker.","Last week, the Finnish metals and technology group didn't announce plans to sell more than 80 percent of its technology unit to further the company's strategic goal of becoming the world's largest stainless steel maker."
"According to Karhinen , OP-Pohjola is an exciting enterprise because the cooperation will bring huge opportunities for customers and the company itself .",positive,"According to Karhinen , OP-Pohjola is an unexciting enterprise because the cooperation will bring huge opportunities for customers and the company itself .","not According to Karhinen , OP-Pohjola is an exciting enterprise because the cooperation will bring huge opportunities for customers and the company itself .","According to Karhinen, OP-Pohjola is an exciting enterprise because the cooperation will bring huge opportunities for customers and the company itself.","According to Karhinen, OP-Pohjola is an exciting enterprise because the cooperation will bring huge opportunities for customers and the company itself."
"Sales climbed 19.2 pct to 1.002 bln eur , surpassing the 953 mln eur consensus figure .",positive,"Sales wane 19.2 pct to 1.002 bln eur , surpassing the 953 mln eur consensus figure .","Sales didn't climb 19.2 pct to 1.002 bln eur , surpassing the 953 mln eur consensus figure .","Sales waned 19.2 pct to 1.002 bln eur , surpassing the 953 mln eur consensus figure.","Sales didn't climb 19.2 pct to 1.002 billion eur , surpassing the 953 million eur consensus figure."
"The Helsinki-based company , which also owns the Salomon , Atomic and Suunto brands , said net profit rose 15 percent in the three months through Dec. 31 to (  x20ac ) 47 million ( $ 61US million ) , from (  x20ac ) 40.8 million a year earlier .",positive,"The Helsinki-based company , which also owns the Salomon , Atomic and Suunto brands , said gross profit rose 15 percent in the three months through Dec. 31 to ( x20ac ) 47 million ( $ 61US million ) , from ( x20ac ) 40.8 million a year earlier .","The Helsinki-based company , which also doesn't own the Salomon , Atomic and Suunto brands , said net profit rose 15 percent in the three months through Dec. 31 to ( x20ac ) 47 million ( $ 61US million ) , from ( x20ac ) 40.8 million a year earlier .","The Helsinki-based company, which also owns the Salomon , Atomic and Suunto brands, said gross profit rose 15 percent in the three months through Dec. 31 to ( x20ac ) 47 million ( $ 61US million ) , from ( x20ac ) 40.8 million a year earlier.","The Helsinki-based company also doesn't own the Salomon , Atomic and Suunto brands . net profit rose 15 percent in the three months through Dec. 31 to ( x20ac ) 47 million ( $ 61US million ) , from ( x20ac ) 40.8 million a year earlier."
"Since the association 's data do not cover sales figures from about 100 small local breweries and sales of imported beer products , the actual market shares of its members are smaller than those given in the report .",negative,"Since the disassociation 's data do not cover sales figures from about 100 small local breweries and sales of imported beer products , the actual market shares of its members are smaller than those given in the report .","Since the association 's data don't do not cover sales figures from about 100 small local breweries and sales of imported beer products , the actual market shares of its members are smaller than those given in the report .","Since the disassociation's data do not cover sales figures from about 100 small local breweries and sales of imported beer products, the actual market shares of its members are smaller than those given in the report.","Since the association's data don't cover sales figures from about 100 small local breweries and sales of imported beer products, the actual market shares of its members are smaller than those given in the report."
It also turned in earnings per share ( EPS ) of EUR 0.44 versus loss per share of EUR 2.26 .,positive,It also unbend in earnings per share ( EPS ) of EUR 0.44 versus loss per share of EUR 2.26 .,It also didn't turn in earnings per share ( EPS ) of EUR 0.44 versus loss per share of EUR 2.26 .,It also results in earnings per share ( EPS ) of EUR 0.44 versus loss per share of EUR 2.26 .,It also didn't turn in earnings per share ( EPS ) of EUR 0.44 versus loss per share of EUR 2.26 .
Operating profit in the fourth quarter went down to EUR3m from EUR4 .2 m for the corresponding period of 2009 as it included costs of growth projects .,negative,Operating profit in the fourth quarter stay_in_place down to EUR3m from EUR4 .2 m for the corresponding period of 2009 as it included costs of growth projects .,Operating profit in the fourth quarter didn't go down to EUR3m from EUR4 .2 m for the corresponding period of 2009 as it included costs of growth projects .,Operating profit in the fourth quarter stay_in_place down to EUR3m from EUR4 .2 m for the corresponding period of 2009 as it included costs of growth projects.,Operating profit in the fourth quarter didn't go down to EUR3m from EUR4 .2m for the corresponding period of 2009 as it included costs of growth projects.
Clothing chain Sepp+ñl+ñ 's net sales increased by 7.0 % to EUR 30.8 mn .,positive,Clothing chain Sepp+ñl+ñ 's gross sales increased by 7.0 % to EUR 30.8 mn .,Clothing chain Sepp+ñl+ñ 's net sales not increased by 7.0 % to EUR 30.8 mn .,The clothing chain Sepp+l+ 's gross sales increased by 7.0 % to EUR 30.8 mn.,The net sales of the clothing chain Sepp+l+ have not increased by 7.0 % to EUR 30.8 mn.
"In a separate announcement to the Helsinki stock exchange , Atria revealed that the company 's third quarter profits declined from EUR13 .9 m in the third quarter of last year to EUR12 .7 m in this year 's Q3 .",negative,"In a joint announcement to the Helsinki stock exchange , Atria revealed that the company 's third quarter profits declined from EUR13 .9 m in the third quarter of last year to EUR12 .7 m in this year 's Q3 .","In a separate announcement to the Helsinki stock exchange , Atria didn't reveal that the company 's third quarter profits declined from EUR13 .9 m in the third quarter of last year to EUR12 .7 m in this year 's Q3 .","In a joint announcement to the Helsinki stock exchange, Atria revealed that the company's third quarter profits declined from EUR13 .9 m in the third quarter of last year to EUR12 .7 m in this year's Q3 .","In a separate announcement to the Helsinki stock exchange, Atria didn't reveal that the company's third quarter profits declined from EUR13 .9 m in the third quarter of last year to EUR12 .7 m in this year's Q3 ."
Finnish automation solutions developer Cencorp Corporation ( OMX Helsinki : CNC1V ) issued on Thursday ( 18 September ) a profit warning for the third quarter of 2008 .,negative,Finnish automation solutions developer Cencorp Corporation ( OMX Helsinki : CNC1V ) recall on Thursday ( 18 September ) a profit warning for the third quarter of 2008 .,Finnish automation solutions don't developer Cencorp Corporation ( OMX Helsinki : CNC1V ) issued on Thursday ( 18 September ) a profit warning for the third quarter of 2008 .,Finnish automation solutions developer Cencorp Corporation ( OMX Helsinki : CNC1V ) recalls on Thursday ( 18 September ) a profit warning for the third quarter of 2008 .,Finnish automation solutions don't developer Cencorp Corporation ( OMX Helsinki : CNC1V ) issued on Thursday ( 18 September ) a profit warning for the third quarter of 2008 .
"Sales in Finland decreased by 10.5 % in January , while sales outside Finland dropped by 17 % .",negative,"Sales in Finland increase by 10.5 % in January , while sales outside Finland dropped by 17 % .","Sales in Finland not decreased by 10.5 % in January , while sales outside Finland dropped by 17 % .","Sales in Finland increased by 10.5 % in January, while sales outside Finland dropped by 17 %.","Sales in Finland decreased by 10.5 % in January, while sales outside Finland dropped by 17 %."
credit 20 November 2009 - Finnish glass technology company Glaston Oyj Abp ( HEL : GLA1V ) said today it concluded a EUR74m revolving credit facility agreement with its core banks .,positive,debit 20 November 2009 - Finnish glass technology company Glaston Oyj Abp ( HEL : GLA1V ) said today it concluded a EUR74m revolving credit facility agreement with its core banks .,credit 20 November 2009 - Finnish glass technology company Glaston Oyj Abp ( HEL : GLA1V ) didn't say today it concluded a EUR74m revolving credit facility agreement with its core banks .,Finnish glass technology company Glaston Oyj Abp ( HEL : GLA1V ) today concluded a EUR74m revolving credit facility agreement with its core banks.,"Today, Finnish glass technology company Glaston Oyj Abp ( HEL : GLA1V ) didn't say it concluded a EUR74m revolving credit facility agreement with its core banks."
"VDW combined with LXE devices enhances productivity , enabling workers to use a single device to perform voice , scanning and keyboard functions .",positive,"VDW combined with LXE devices enhances unproductiveness , enabling workers to use a single device to perform voice , scanning and keyboard functions .","VDW didn't combine with LXE devices enhances productivity , enabling workers to use a single device to perform voice , scanning and keyboard functions .","VDW combined with LXE devices enhances unproductiveness, enabling workers to use a single device to perform voice , scanning and keyboard functions.","VDW didn't combine with LXE devices enhances productivity, enabling workers to use a single device to perform voice , scanning and keyboard functions."
"in Q1 '10 19 April 2010 - Finnish forest machinery and equipment maker Ponsse Oyj HEL : PON1V said today that it expects to swing to a net profit of some EUR6 .3 m in the first quarter of 2010 , from an EUR9 .6 m loss a year earlier .",positive,"in Q1 '10 19 April 2010 - Finnish forest machinery and equipment maker Ponsse Oyj HEL : PON1V said today that it expects to swing to a gross profit of some EUR6 .3 m in the first quarter of 2010 , from an EUR9 .6 m loss a year earlier .","in Q1 '10 19 April 2010 - Finnish forest machinery and equipment maker Ponsse Oyj HEL : PON1V didn't say today that it expects to swing to a net profit of some EUR6 .3 m in the first quarter of 2010 , from an EUR9 .6 m loss a year earlier .","PON1V said today that it expects to swing to a gross profit of some EUR6 .3 m in the first quarter of 2010 , from an EUR9 .6 m loss a year earlier.","PON1V didn't say today that it expects to swing to a net profit of around EUR6 .3 m in the first quarter of 2010 , from an EUR9 .6 m loss a year earlier."
"Last month , Outokumpu sold more than 80 percent of its technology unit , Outokumpu Technology Oyj , to further its strategic goal of becoming the world 's largest stainless steel maker .",positive,"Last month , Outokumpu buy more than 80 percent of its technology unit , Outokumpu Technology Oyj , to further its strategic goal of becoming the world 's largest stainless steel maker .","Last month , Outokumpu didn't sell more than 80 percent of its technology unit , Outokumpu Technology Oyj , to further its strategic goal of becoming the world 's largest stainless steel maker .","Last month, Outokumpu bought more than 80 percent of its technology unit, Outokumpu Technology Oyj , to further its strategic goal of becoming the world's largest stainless steel maker.","Last month, Outokumpu didn't sell more than 80 percent of its technology unit, Outokumpu Technology Oyj , to further its strategic goal of becoming the world's largest stainless steel maker."
Finnish glass technology company Glaston Oyj Abp net profit decreased to 2.6 mln euro ( $ 3.8 mln ) for the first nine months of 2007 from 7.8 mln euro ( $ 11.4 mln ) for the same period of 2006 .,negative,Finnish glass technology company Glaston Oyj Abp gross profit decreased to 2.6 mln euro ( $ 3.8 mln ) for the first nine months of 2007 from 7.8 mln euro ( $ 11.4 mln ) for the same period of 2006 .,Finnish glass technology company Glaston Oyj Abp net profit didn't decrease to 2.6 mln euro ( $ 3.8 mln ) for the first nine months of 2007 from 7.8 mln euro ( $ 11.4 mln ) for the same period of 2006 .,Finnish glass technology company Glaston Oyj Abp's gross profit decreased to 2.6 mln euro ( $ 3.8 mln ) for the first nine months of 2007 from 7.8 mln euro ( $ 11.4 mln ) for the same period of 2006 .,Finnish glass technology company Glaston Oyj Abp net profit didn't decrease to 2.6 mln euro ( $ 3.8 mln ) for the first nine months of 2007 from 7.8 mln euro ( $ 11.4 mln ) for the same period of 2006 .
The economic occupancy rate of Sponda 's property portfolio rose to 91.2 % from 88.8 % in 2006 .,positive,The economic occupancy rate of Sponda 's property portfolio fall to 91.2 % from 88.8 % in 2006 .,The economic occupancy rate of Sponda 's property portfolio didn't rise to 91.2 % from 88.8 % in 2006 .,The economic occupancy rate of Sponda's property portfolio fell to 91.2 % from 88.8 % in 2006 .,The economic occupancy rate of Sponda's property portfolio didn't rise to 91.2 % from 88.8 % in 2006 .
This new partnership agreement represents a significant milestone for both parties .,positive,This old partnership agreement represents a significant milestone for both parties .,This new partnership agreement doesn't represent a significant milestone for both parties .,This old partnership agreement represents a significant milestone for both parties.,This new partnership agreement doesn't represent a significant milestone for both parties.
"However , its market share shrank to 47.59 per cent from 48 per cent a year earlier .",negative,"However , its market share stretch to 47.59 per cent from 48 per cent a year earlier .","However , its market share shrank to 47.59 per cent from 48 per cent a year earlier .","However, its market share stretch to 47.59 per cent from 48 per cent a year earlier.","However, its market share shrank to 47.59 per cent from 48 per cent a year earlier."
The acquisition will considerably increase Kemira 's sales and market position in the Russian metal industry coatings market .,positive,The acquisition will considerably decrease Kemira 's sales and market position in the Russian metal industry coatings market .,The acquisition will considerably not increase Kemira 's sales and market position in the Russian metal industry coatings market .,The acquisition will considerably decrease Kemira's sales and market position in the Russian metal industry coatings market.,The acquisition will considerably not increase Kemira's sales and market position in the Russian metal industry coatings market.
"Jarmo Honkamaa , head of the oil refining business at Neste Oil , says the situation looks promising from their viewpoint .",positive,"Jarmo Honkamaa , rear of the oil refining business at Neste Oil , says the situation looks promising from their viewpoint .","Jarmo Honkamaa , head of the oil refining business at Neste Oil , doesn't say the situation looks promising from their viewpoint .","Jarmo Honkamaa , the rear of the oil refining business at Neste Oil , says the situation looks promising from their viewpoint.","Jarmo Honkamaa , head of the oil refining business at Neste Oil , doesn't say the situation looks promising from their viewpoint."
Earnings per share EPS rose to EUR 0.11 from EUR 0.03 .,positive,Earnings per share EPS fall to EUR 0.11 from EUR 0.03 .,Earnings per share EPS didn't rise to EUR 0.11 from EUR 0.03 .,Earnings per share EPS fall to EUR 0.11 from EUR 0.03 .,Earnings per share EPS didn't rise to EUR 0.11 from EUR 0.03 .
Scanfil has also issued a profit warning .,negative,Scanfil has also recall a profit warning .,Scanfil doesn't have also issued a profit warning .,Scanfil has also recall a profit warning.,Scanfil doesn't have also issued a profit warning.
EuroChem CFO Andrey Ilyin said : `` This facility marks another important step for EuroChem in securing the long-term financing necessary for our potash and other strategic projects '' .,positive,EuroChem CFO Andrey Ilyin said : `` This facility ignore another important step for EuroChem in securing the long-term financing necessary for our potash and other strategic projects `` .,EuroChem CFO Andrey Ilyin didn't say : `` This facility marks another important step for EuroChem in securing the long-term financing necessary for our potash and other strategic projects `` .,This facility ignores another important step for EuroChem in securing the long-term financing necessary for our potash and other strategic projects.,This facility marks another important step for EuroChem in securing the long-term financing necessary for our potash and other strategic projects.
11 August 2010 - Finnish measuring equipment maker Vaisala Oyj HEL : VAIAS said today that its net loss widened to EUR4 .8 m in the first half of 2010 from EUR2 .3 m in the corresponding period a year earlier .,negative,11 August 2010 - Finnish measuring equipment maker Vaisala Oyj HEL : VAIAS said today that its gross loss widened to EUR4 .8 m in the first half of 2010 from EUR2 .3 m in the corresponding period a year earlier .,11 August 2010 - Finnish measuring equipment maker Vaisala Oyj HEL : VAIAS didn't say today that its net loss widened to EUR4 .8 m in the first half of 2010 from EUR2 .3 m in the corresponding period a year earlier .,Finnish measuring equipment maker Vaisala Oyj HEL today said its gross loss widened to EUR4 .8 m in the first half of 2010 from EUR2 .3 m in the corresponding period a year earlier.,11 August 2010 - Finnish measuring equipment maker Vaisala Oyj HEL : VAIAS didn't say today that its net loss widened to EUR4 .8 m in the first half of 2010 from EUR2 .3 m in the corresponding period a year earlier.
LONDON MarketWatch -- Nokia nok said it 's won a five-year services contract to run Hutchison Essar 's network operations in nine locations in India .,positive,LONDON MarketWatch -- Nokia nok said it 's won a five-year disservice contract to run Hutchison Essar 's network operations in nine locations in India .,LONDON MarketWatch -- Nokia nok didn't say it 's won a five-year services contract to run Hutchison Essar 's network operations in nine locations in India .,Nokia nok said it 's won a five-year disservice contract to run Hutchison Essar's network operations in nine locations in India.,Nokia didn't say it won a five-year services contract to run Hutchison Essar's network operations in nine locations in India.
"The period 's sales dropped to EUR 30.6 million from EUR 38.3 million , according to the interim report , released today .",negative,"The period 's sales sharpen to EUR 30.6 million from EUR 38.3 million , according to the interim report , released today .","The period 's sales didn't drop to EUR 30.6 million from EUR 38.3 million , according to the interim report , released today .","The period's sales sharpen to EUR 30.6 million from EUR 38.3 million, according to the interim report released today.","The period's sales didn't drop to EUR 30.6 million from EUR 38.3 million, according to the interim report released today."
Operating profit rose from EUR 1.94 mn to EUR 2.45 mn .,positive,Operating profit fall from EUR 1.94 mn to EUR 2.45 mn .,Operating profit didn't rise from EUR 1.94 mn to EUR 2.45 mn .,Operating profit fell from EUR 1.94 mn to EUR 2.45 mn.,Operating profit didn't rise from EUR 1.94 mn to EUR 2.45 mn.
"( ADP News ) - Oct 1 , 2008 - Finnish consulting and engineering company Poyry Oyj ( OMX : POY1V ) said today it was awarded a EUR 5.2 million ( USD 7.4 m ) extension to their existing consultancy engineering contract with Venezuel",positive,"( ADP News ) - Oct 1 , 2008 - Finnish consulting and engineering company Poyry Oyj ( OMX : POY1V ) said today it was awarded a EUR 5.2 million ( USD 7.4 m ) flexion to their existing consultancy engineering contract with Venezuel","( ADP News ) - Oct 1 , 2008 - Finnish consulting and engineering company Poyry Oyj ( OMX : POY1V ) didn't say today it was awarded a EUR 5.2 million ( USD 7.4 m ) extension to their existing consultancy engineering contract with Venezuel",Finland's consulting and engineering company Poyry Oyj ( OMX : POY1V ) today announced it has been awarded a EUR 5.2 million ( USD 7.4 m ) extension to their existing consultancy engineering contract with Venezuel.,"Today, Finnish consulting and engineering company Poyry Oyj ( OMX : POY1V ) didn't say it was awarded a EUR 5.2 million ( USD 7.4 m ) extension to their existing consultancy engineering contract with Venezuel."
"Profit after taxes for the period was up to EUR0 .9 m , from EUR0 .01 m last year .",positive,"Profit after taxes for the period was up to EUR0 .9 m , from EUR0 .01 m last year .","Profit after taxes for the period wasn't up to EUR0 .9 m , from EUR0 .01 m last year .","Profit after taxes for the period was up to EUR0 .9 m , from EUR0 .01 m last year.","Profit after taxes for the period wasn't up to EUR0 .9 m , from EUR0 .01 m last year."
"Finnish energy company Fortum Oyj said on November 13 , 2007 it was granted an environmental permit to build a biofuel-fired combined heat and power CHP plant in Vartan harbor in eastern Stockholm .",positive,"Finnish energy company Fortum Oyj said on November 13 , 2007 it was deny an environmental permit to build a biofuel-fired combined heat and power CHP plant in Vartan harbor in eastern Stockholm .","Finnish energy company Fortum Oyj didn't say on November 13 , 2007 it was granted an environmental permit to build a biofuel-fired combined heat and power CHP plant in Vartan harbor in eastern Stockholm .",Finnish energy company Fortum Oyj denied an environmental permit to build a biofuel-fired combined heat and power CHP plant in Vartan harbor in eastern Stockholm.,"Finnish energy company Fortum Oyj didn't say on November 13 , 2007 it was granted an environmental permit to build a biofuel-fired combined heat and power CHP plant in Vartan harbor in eastern Stockholm."
"Both operating profit and turnover for the three-month period increased , respectively from EUR0 .9 m and EUR8 .3 m , as compared to the corresponding period in 2005 .",positive,"Both operating profit and turnover for the three-month period decrease , respectively from EUR0 .9 m and EUR8 .3 m , as compared to the corresponding period in 2005 .","Both operating profit and turnover for the three-month period didn't increase , respectively from EUR0 .9 m and EUR8 .3 m , as compared to the corresponding period in 2005 .","Both operating profit and turnover for the three-month period decreased, respectively from EUR0 .9 m and EUR8 .3 m, as compared to the corresponding period in 2005.","Both operating profit and turnover for the three-month period didn't increase, respectively from EUR0 .9 m and EUR8 .3 m , as compared to the corresponding period in 2005."
"For the first nine months of 2010 , Talvivaara 's net loss narrowed to EUR 8.3 million from EUR 21.9 million for the same period of 2009 .",positive,"For the first nine months of 2010 , Talvivaara 's gross loss narrowed to EUR 8.3 million from EUR 21.9 million for the same period of 2009 .","For the first nine months of 2010 , Talvivaara 's net loss not narrowed to EUR 8.3 million from EUR 21.9 million for the same period of 2009 .","For the first nine months of 2010, Talvivaara's gross loss narrowed to EUR 8.3 million from EUR 21.9 million for the same period of 2009.","For the first nine months of 2010, Talvivaara's net loss not narrowed to EUR 8.3 million from EUR 21.9 million for the same period of 2009 ."
"Currently , the company foresees its pre-tax profit to remain below the 2009 level when it reached EUR 700,000 USD 934,000 , compared with previous projections of a slightly better pre-tax profit .",negative,"Currently , the company foresees its pre-tax profit to change below the 2009 level when it reached EUR 700,000 USD 934,000 , compared with previous projections of a slightly better pre-tax profit .","Currently , the company doesn't foresee its pre-tax profit to remain below the 2009 level when it reached EUR 700,000 USD 934,000 , compared with previous projections of a slightly better pre-tax profit .","Currently, the company foresees its pre-tax profit to change below the 2009 level when it reached EUR 700,000 USD 934,000 , compared with previous projections of a slightly better pre-tax profit.","Currently, the company doesn't foresee its pre-tax profit to remain below the 2009 level when it reached EUR 700,000 USD 934,000 , compared with previous projections of a slightly better pre-tax profit."
"Operating profit was EUR 139.7 mn , up 23 % from EUR 113.8 mn .",positive,"Operating profit was EUR 139.7 mn , up 23 % from EUR 113.8 mn .","Operating profit wasn't EUR 139.7 mn , up 23 % from EUR 113.8 mn .","Operating profit was EUR 139.7 mn , up 23 % from EUR 113.8 mn .","Operating profit wasn't EUR 139.7 mn , up 23 % from EUR 113.8 mn ."
The company slipped to an operating loss of EUR 2.6 million from a profit of EUR 1.3 million .,negative,The company slipped to an operating gain of EUR 2.6 million from a profit of EUR 1.3 million .,The company didn't slip to an operating loss of EUR 2.6 million from a profit of EUR 1.3 million .,The company slipped to an operating gain of EUR 2.6 million from a profit of EUR 1.3 million.,The company didn't slip to an operating loss of EUR 2.6 million from a profit of EUR 1.3 million.
"Net sales totaled EUR 93.6 mn , up from EUR 93.2 mn in the corresponding period in 2005 .",positive,"gross sales totaled EUR 93.6 mn , up from EUR 93.2 mn in the corresponding period in 2005 .","Net sales didn't totale EUR 93.6 mn , up from EUR 93.2 mn in the corresponding period in 2005 .","Gross sales totaled EUR 93.6 mn , up from EUR 93.2 mn in the corresponding period in 2005.","Net sales didn't total EUR 93.6 mn , up from EUR 93.2 mn in the corresponding period in 2005."
"Neste Oil Corp. has signed long-term procurement contracts with Honkajoki Oy and Findest Protein Oy , both owned by Finnish food manufacturers , for the supply of animal fat for biodiesel production at Neste 's 200,000 b-cd Porvoo , Finland , refinery .",positive,"Neste Oil Corp. has signed long-term procurement contracts with Honkajoki Oy and Findest Protein Oy , both owned by Finnish food manufacturers , for the demand of animal fat for biodiesel production at Neste 's 200,000 b-cd Porvoo , Finland , refinery .","Neste Oil Corp. doesn't have signed long-term procurement contracts with Honkajoki Oy and Findest Protein Oy , both owned by Finnish food manufacturers , for the supply of animal fat for biodiesel production at Neste 's 200,000 b-cd Porvoo , Finland , refinery .","Neste Oil Corp. has signed long-term procurement contracts with Honkajoki Oy and Findest Protein Oy , both owned by Finnish food manufacturers , for the demand of animal fat for biodiesel production at Neste's 200,000 b-cd Porvoo, Finland , refinery.","Neste Oil Corp. doesn't have signed long-term procurement contracts with Honkajoki Oy and Findest Protein Oy , both owned by Finnish food manufacturers , for the supply of animal fat for biodiesel production at Neste's 200,000 b-cd Porvoo, Finland , refinery."
"Known as Post Bank , the concept would see Fidelity Bank rolling out 75 offices in Ghana Post premises , to provide financial services to the people .",positive,"ignore as Post Bank , the concept would see Fidelity Bank rolling out 75 offices in Ghana Post premises , to provide financial services to the people .","not Known as Post Bank , the concept would see Fidelity Bank rolling out 75 offices in Ghana Post premises , to provide financial services to the people .",The concept would see Fidelity Bank rolling out 75 offices in Ghana Post premises to provide financial services to the people.,The concept would see Fidelity Bank rolling out 75 offices in Ghana Post premises to provide financial services to the people.
Diluted loss per share stood at EUR 0.15 versus EUR 0.26 .,positive,Diluted gain per share stood at EUR 0.15 versus EUR 0.26 .,not Diluted loss per share stood at EUR 0.15 versus EUR 0.26 .,Diluted gain per share stood at EUR 0.15 versus EUR 0.26 .,Diluted loss per share stood at EUR 0.15 versus EUR 0.26 .
Increased trust of our clients in YIT can be seen as apartment sales accelerated .,positive,decrease trust of our clients in YIT can be seen as apartment sales accelerated .,not Increased trust of our clients in YIT can be seen as apartment sales accelerated .,The decrease in trust of our clients in YIT can be seen as apartment sales accelerated.,Increased trust of our clients in YIT can be seen as apartment sales accelerated.
"Investors will continue being interested in the company 's share although it is not quite cheap , Affarsvarlden said .",positive,"Investors will discontinue being interested in the company 's share although it is not quite cheap , Affarsvarlden said .","Investors will not continue being interested in the company 's share although it is not quite cheap , Affarsvarlden said .","Investors will discontinue being interested in the company's share although it is not quite cheap, said Affarsvarlden.","Investors will not continue to be interested in the company's share although it is not quite cheap, said Affarsvarlden."
Ruukki Group calculates that it has lost EUR 4mn in the failed project .,negative,Ruukki Group calculates that it has keep EUR 4mn in the failed project .,Ruukki Group doesn't calculate that it has lost EUR 4mn in the failed project .,Ruukki Group calculates that it has kept EUR 4mn in the failed project.,Ruukki Group doesn't calculate that it has lost EUR 4mn in the failed project.
"Operating profit was EUR 9.8 mn , compared to a loss of EUR 12.7 mn in the corresponding period in 2009 .",positive,"Operating profit was EUR 9.8 mn , compared to a gain of EUR 12.7 mn in the corresponding period in 2009 .","Operating profit wasn't EUR 9.8 mn , compared to a loss of EUR 12.7 mn in the corresponding period in 2009 .","Operating profit was EUR 9.8 mn , compared to a gain of EUR 12.7 mn in the corresponding period in 2009 .",Operating profit wasn't EUR 9.8 mn compared to a loss of EUR 12.7 mn in the corresponding period in 2009 .
Finnish meat company Atria can no longer promise a sufficient amount of domestic beef to its customers .,negative,Finnish meat company Atria can no longer promise a insufficient amount of domestic beef to its customers .,Finnish meat company Atria can no longer not promise a sufficient amount of domestic beef to its customers .,Finnish meat company Atria can no longer promise a insufficient amount of domestic beef to its customers.,Finnish meat company Atria can no longer not promise a sufficient amount of domestic beef to its customers.
Loss for the period totalled EUR 15.6 mn compared to a profit of EUR 6.3 mn in 2008 .,negative,gain for the period totalled EUR 15.6 mn compared to a profit of EUR 6.3 mn in 2008 .,Loss for the period didn't total EUR 15.6 mn compared to a profit of EUR 6.3 mn in 2008 .,The gain for the period totalled EUR 15.6 mn compared to a profit of EUR 6.3 mn in 2008 .,Loss for the period didn't total EUR 15.6 mn compared to a profit of EUR 6.3 mn in 2008 .
This combined with foreign investments creates interesting opportunities for Solteq .,positive,This combined with domestic investments creates interesting opportunities for Solteq .,This not combined with foreign investments creates interesting opportunities for Solteq .,This combined with domestic investments creates interesting opportunities for Solteq.,This not combined with foreign investments creates interesting opportunities for Solteq.
"Agricultural newspaper Maaseudun Tulevaisuus had 318,000 readers , representing a decrease of 6 % .",negative,"Agricultural newspaper Maaseudun Tulevaisuus had 318,000 readers , prosecute a decrease of 6 % .","Agricultural newspaper Maaseudun Tulevaisuus didn't have 318,000 readers , representing a decrease of 6 % .","Agricultural newspaper Maaseudun Tulevaisuus had 318,000 readers , a decrease of 6 %.","Agricultural newspaper Maaseudun Tulevaisuus didn't have 318,000 readers , representing a decrease of 6 % ."
"Shares of Standard Chartered ( STAN ) rose 1.2 % in the FTSE 100 , while Royal Bank of Scotland ( RBS ) shares rose 2 % and Barclays shares ( BARC ) ( BCS ) were up 1.7 % .",positive,"Shares of Standard Chartered ( STAN ) fall 1.2 % in the FTSE 100 , while Royal Bank of Scotland ( RBS ) shares rose 2 % and Barclays shares ( BARC ) ( BCS ) were up 1.7 % .","Shares of Standard Chartered ( STAN ) didn't rise 1.2 % in the FTSE 100 , while Royal Bank of Scotland ( RBS ) shares rose 2 % and Barclays shares ( BARC ) ( BCS ) were up 1.7 % .","Shares of Standard Chartered ( STAN ) fall 1.2 % in the FTSE 100 , while Royal Bank of Scotland ( RBS ) shares rose 2 % and Barclays shares ( BARC ) ( BCS ) were up 1.7 %.","Shares of Standard Chartered ( STAN ) didn't rise 1.2 % in the FTSE 100 , while Royal Bank of Scotland ( RBS ) shares rose 2 % and Barclays shares ( BARC ) ( BCS ) were up 1.7 %."
"External net sales from the printing business fell by 43.7 % , partly due to the termination of the printing contract between Ilkka-Yhtyma 's printing house I-print Oy and sector player HSS Media AB in December 2009 and the fall in printing prices .",negative,"internal net sales from the printing business fell by 43.7 % , partly due to the termination of the printing contract between Ilkka-Yhtyma 's printing house I-print Oy and sector player HSS Media AB in December 2009 and the fall in printing prices .","External net sales from the printing business didn't fall by 43.7 % , partly due to the termination of the printing contract between Ilkka-Yhtyma 's printing house I-print Oy and sector player HSS Media AB in December 2009 and the fall in printing prices .","Internal net sales from the printing business fell by 43.7 % , partly due to the termination of the printing contract between Ilkka-Yhtyma's printing house I-print Oy and sector player HSS Media AB in December 2009 and the fall in printing prices.","External net sales from the printing business didn't fall by 43.7 % , partly due to the termination of the printing contract between Ilkka-Yhtyma's printing house I-print Oy and sector player HSS Media AB in December 2009 and the fall in printing prices."
That would be an increase from estimated sales of 117 million last year .,positive,That would be an decrease from estimated sales of 117 million last year .,That would not be an increase from estimated sales of 117 million last year .,That would be an increase from estimated sales of 117 million last year.,That would not be an increase from estimated sales of 117 million last year.
Operating profit margin increased from 11.2 % to 11.7 % .,positive,Operating profit margin decrease from 11.2 % to 11.7 % .,Operating profit margin didn't increase from 11.2 % to 11.7 % .,Operating profit margin decreases from 11.2 % to 11.7 %.,Operating profit margin didn't increase from 11.2 % to 11.7 %.
"Sales VAT inclusive expanded by 19 percent , to 351 million euros .",positive,"Sales VAT inclusive contract by 19 percent , to 351 million euros .","Sales VAT inclusive not expanded by 19 percent , to 351 million euros .","Sales VAT inclusive contract by 19 percent, to 351 million euros .","Sales VAT inclusive not expanded by 19 percent, to 351 million euros ."
Sony Ericsson and Nokia dominated the list of best-selling handsets with five models each .,positive,Sony Ericsson and Nokia dominated the list of best-selling handsets with five models each .,Sony Ericsson and Nokia didn't dominate the list of best-selling handsets with five models each .,Sony Ericsson and Nokia dominated the list of best-selling handsets with five models each.,Sony Ericsson and Nokia didn't dominate the list of best-selling handsets with five models each.
"At the end of March 2007 , the group 's order book was at EUR 39.6 mn , up 42 % from the corresponding period in 2006 .",positive,"At the beginning of March 2007 , the group 's order book was at EUR 39.6 mn , up 42 % from the corresponding period in 2006 .","At the end of March 2007 , the group 's order book wasn't at EUR 39.6 mn , up 42 % from the corresponding period in 2006 .","At the beginning of March 2007, the group's order book was at EUR 39.6 million , up 42 % from the corresponding period in 2006 .","At the end of March 2007, the group's order book wasn't at EUR 39.6 million , up 42 % from the corresponding period in 2006 ."
"The combination of all services enabling us to offer a complex and strengthened service chain not only limited to the Baltic port connections but also for getting access to the world wide Grimaldi Network into the Mediterranean , Africa and North America `` says Uwe Bakosch .",positive,"The combination of all disservice enabling us to offer a complex and strengthened service chain not only limited to the Baltic port connections but also for getting access to the world wide Grimaldi Network into the Mediterranean , Africa and North America `` says Uwe Bakosch .","The combination of all services not enabling us to offer a complex and strengthened service chain not only limited to the Baltic port connections but also for getting access to the world wide Grimaldi Network into the Mediterranean , Africa and North America `` says Uwe Bakosch .","The combination of all disservices enables us to offer a complex and strengthened service chain not only limited to the Baltic port connections but also for getting access to the world wide Grimaldi Network into the Mediterranean , Africa and North America  says Uwe Bakosch .","The combination of all services not only enables us to offer a complex and strengthened service chain not only limited to the Baltic port connections but also for getting access to the world wide Grimaldi Network into the Mediterranean , Africa and North America  says Uwe Bakosch ."
"Last year , 8.3 million passengers flew the airline , down 4 percent from 2007 .",negative,"Last year , 8.3 million passengers flew the airline , down 4 percent from 2007 .","Last year , 8.3 million passengers didn't fly the airline , down 4 percent from 2007 .","Last year, 8.3 million passengers flew the airline, down 4 percent from 2007 .","Last year, 8.3 million passengers didn't fly the airline, down 4 percent from 2007 ."
"Finnish pulp and paper machinery maker Vaahto Group Oyj swung to a 1.1 mln euro $ 1.4 mln net profit in the fiscal 2005-06 , ended August 31 , 2006 , from a 249,000 euro $ 319,000 net loss in the fiscal 2004-05 .",positive,"Finnish pulp and paper machinery maker Vaahto Group Oyj swung to a 1.1 mln euro $ 1.4 mln gross profit in the fiscal 2005-06 , ended August 31 , 2006 , from a 249,000 euro $ 319,000 net loss in the fiscal 2004-05 .","Finnish pulp and paper machinery maker Vaahto Group Oyj swung to a 1.1 mln euro $ 1.4 mln net profit in the fiscal 2005-06 , didn't end August 31 , 2006 , from a 249,000 euro $ 319,000 net loss in the fiscal 2004-05 .","Finnish pulp and paper machinery maker Vaahto Group Oyj swung to a 1.1 mln euro $ 1.4 mln gross profit in the fiscal 2005-06 , ended August 31 , 2006 , from a 249,000 euro $ 319,000 net loss in the fiscal 2004-05 .","Finnish pulp and paper machinery maker Vaahto Group Oyj swung to a 1.1 mln euro $ 1.4 mln net profit in the fiscal 2005-06 , didn't end August 31 , 2006 , from a 249,000 euro $ 319,000 net loss in the fiscal 2004-05 ."
Operating result including non-recurring items rose to EUR 146mn from a loss of EUR 267mn in 2009 .,positive,malfunction result including non-recurring items rose to EUR 146mn from a loss of EUR 267mn in 2009 .,not Operating result including non-recurring items rose to EUR 146mn from a loss of EUR 267mn in 2009 .,The malfunction result including non-recurring items rose to EUR 146mn from a loss of EUR 267mn in 2009 .,Operating results including non-recurring items rose to EUR 146mn from a loss of EUR 267mn in 2009 .
It therefore seems that Finnish shipping company Viking Line will get the subsidy it needs to order its new LNG-fuelled vessel .,positive,It therefore seems that Finnish shipping company Viking Line will leave the subsidy it needs to order its new LNG-fuelled vessel .,It therefore doesn't seem that Finnish shipping company Viking Line will get the subsidy it needs to order its new LNG-fuelled vessel .,It therefore seems that Finnish shipping company Viking Line will leave the subsidy it needs to order its new LNG-fuelled vessel.,It therefore doesn't seem that Finnish shipping company Viking Line will get the subsidy it needs to order its new LNG-fuelled vessel.
"The agreement will provide The Switch with double the converter capacity , whilst opening up further manufacturing locations in China .",positive,"The disagreement will provide The Switch with double the converter capacity , whilst opening up further manufacturing locations in China .","The agreement will not provide The Switch with double the converter capacity , whilst opening up further manufacturing locations in China .","The disagreement will provide The Switch with double the converter capacity, whilst opening up further manufacturing locations in China.","The agreement will not provide The Switch with double the converter capacity, whilst opening up further manufacturing locations in China."
"Finnish Metso Paper has been awarded a contract for the rebuild of Sabah Forest Industries ' ( SFI ) pulp mill in Sabah , Malaysia .",positive,"Finnish Metso Paper has been awarded a contract for the rebuild of Sabah Forest Industries ' ( SFI ) pulp mill in Sabah , Malaysia .","Finnish Metso Paper doesn't have been awarded a contract for the rebuild of Sabah Forest Industries ' ( SFI ) pulp mill in Sabah , Malaysia .","Finnish Metso Paper has been awarded a contract for the rebuild of Sabah Forest Industries' ( SFI ) pulp mill in Sabah, Malaysia.","Finnish Metso Paper has not been awarded a contract for the rebuild of Sabah Forest Industries' ( SFI ) pulp mill in Sabah, Malaysia."
"The Finnish supplier of BSS-OSS and VAS for telecom operators , Tecnotree , has received expansion orders worth a total US$ 7.3 mn for its convergent charging and next generation messaging solutions in Latin America , the company announced without specifying which operators had placed the orders .",positive,"The Finnish supplier of BSS-OSS and VAS for telecom operators , Tecnotree , has say_farewell expansion orders worth a total US $ 7.3 mn for its convergent charging and next generation messaging solutions in Latin America , the company announced without specifying which operators had placed the orders .","The Finnish supplier of BSS-OSS and VAS for telecom operators , Tecnotree , doesn't have received expansion orders worth a total US $ 7.3 mn for its convergent charging and next generation messaging solutions in Latin America , the company announced without specifying which operators had placed the orders .","The Finnish supplier of BSS-OSS and VAS for telecom operators , Tecnotree , has announced expansion orders worth a total of US $ 7.3 mn for its convergent charging and next generation messaging solutions in Latin America , the company announced without specifying which operators had placed the orders.","The Finnish supplier of BSS-OSS and VAS for telecom operators , Tecnotree , doesn't have received expansion orders worth a total US $ 7.3 mn for its convergent charging and next generation messaging solutions in Latin America , the company announced without specifying which operators had placed the orders."
"Operating profit for the three-month period increased from EUR1 .2 m , while revenue increased from EUR20 .2 m , as compared to the corresponding period in 2005 .",positive,"Operating profit for the three-month period decrease from EUR1 .2 m , while revenue increased from EUR20 .2 m , as compared to the corresponding period in 2005 .","Operating profit for the three-month period didn't increase from EUR1 .2 m , while revenue increased from EUR20 .2 m , as compared to the corresponding period in 2005 .","Operating profit for the three-month period decreased from EUR1 .2 m , while revenue increased from EUR20 .2 m , as compared to the corresponding period in 2005.","Operating profit for the three-month period didn't increase from EUR1 .2 m , while revenue increased from EUR20 .2 m , as compared to the corresponding period in 2005."
"Seppala 's revenue increased by 0.2 % to EUR10 .1 m. In Finland , revenue went down by 2.4 % to EUR6 .8 m , while sales abroad rose by 6.2 % to EUR3 .3 m. Sales increased in all the Baltic countries as well as in Russia and Ukraine .",positive,"Seppala 's revenue decrease by 0.2 % to EUR10 .1 m. In Finland , revenue went down by 2.4 % to EUR6 .8 m , while sales abroad rose by 6.2 % to EUR3 .3 m. Sales increased in all the Baltic countries as well as in Russia and Ukraine .","Seppala 's revenue not increased by 0.2 % to EUR10 .1 m. In Finland , revenue went down by 2.4 % to EUR6 .8 m , while sales abroad rose by 6.2 % to EUR3 .3 m. Sales increased in all the Baltic countries as well as in Russia and Ukraine .","Seppala's revenue decreased by 0.2 % to EUR10 .1 m. In Finland, revenue went down by 2.4 % to EUR6 .8 m, while sales abroad rose by 6.2 % to EUR3 .3 m. Sales increased in all the Baltic countries as well as in Russia and Ukraine.","Seppala's revenue not increased by 0.2 % to EUR10 .1 m. In Finland, revenue went down by 2.4 % to EUR6 .8 m, while sales abroad rose by 6.2 % to EUR3 .3 m. Sales increased in all the Baltic countries as well as in Russia and Ukraine."
Finnish Rautaruukki has been awarded a contract to supply and install steel superstructures for the Partihallsf+Ârbindelsen bridge in Gothenburg in Sweden .,positive,Finnish Rautaruukki has been awarded a contract to recall and install steel superstructures for the Partihallsf+Ârbindelsen bridge in Gothenburg in Sweden .,Finnish Rautaruukki doesn't have been awarded a contract to supply and install steel superstructures for the Partihallsf+Ârbindelsen bridge in Gothenburg in Sweden .,Finnish company Rautaruukki has been awarded a contract to recall and install steel superstructures for the Partihallsf+rbindelsen bridge in Gothenburg in Sweden.,"Finnish company Rautaruukki has been awarded a contract to supply and install steel superstructures for the Partihallsf+rbindelsen bridge in Gothenburg, Sweden."
Both the net sales and operating profit were record high in the company 's history .,positive,Both the gross sales and operating profit were record high in the company 's history .,Both the net sales and operating profit weren't record high in the company 's history .,Both the gross sales and operating profit were record highs in the company's history.,Both the net sales and operating profit weren't record high in the company's history.
"Insurer Axa ( PAR : CS ) slid by 5.35 % to EUR 14.15 , after Citigroup and ING slashed their targets on the stock .",negative,"Insurer Axa ( PAR : CS ) slid by 5.35 % to EUR 14.15 , after Citigroup and ING slashed their targets on the stock .","Insurer Axa ( PAR : CS ) slid by 5.35 % to EUR 14.15 , after Citigroup and ING didn't slash their targets on the stock .",Insurer Axa ( PAR : CS ) slid by 5.35 % to EUR 14.15 after Citigroup and ING slashed their targets on the stock.,Insurer Axa ( PAR : CS ) slid by 5.35 % to EUR 14.15 after Citigroup and ING didn't slash their targets on the stock.
Finnish financial group Aktia 's operating profit for 2009 increased to EUR 47.0 mn from EUR 6.6 mn in 2008 .,positive,Finnish nonfinancial group Aktia 's operating profit for 2009 increased to EUR 47.0 mn from EUR 6.6 mn in 2008 .,Finnish financial group Aktia 's operating profit for 2009 didn't increase to EUR 47.0 mn from EUR 6.6 mn in 2008 .,Finnish non-financial group Aktia's operating profit for 2009 increased to EUR 47.0 mn from EUR 6.6 mn in 2008 .,Finnish financial group Aktia's operating profit for 2009 didn't increase to EUR 47.0 mn from EUR 6.6 mn in 2008 .
"Operating profit was EUR 11.07 mn , up from EUR 8.65 mn .",positive,"Operating profit was EUR 11.07 mn , up from EUR 8.65 mn .","Operating profit wasn't EUR 11.07 mn , up from EUR 8.65 mn .","Operating profit was EUR 11.07 mn, up from EUR 8.65 mn.","Operating profit wasn't EUR 11.07 mn , up from EUR 8.65 mn."
Finnish retail software developer Aldata Solution Oyj reported a net loss of 11.7 mln euro $ 17.2 mln for 2007 versus a net profit of 2.5 mln euro $ 3.7 mln for 2006 .,negative,Finnish retail hardware developer Aldata Solution Oyj reported a net loss of 11.7 mln euro $ 17.2 mln for 2007 versus a net profit of 2.5 mln euro $ 3.7 mln for 2006 .,Finnish retail software developer Aldata Solution Oyj didn't report a net loss of 11.7 mln euro $ 17.2 mln for 2007 versus a net profit of 2.5 mln euro $ 3.7 mln for 2006 .,Finnish retail hardware developer Aldata Solution Oyj reported a net loss of 11.7 mln euro $ 17.2 mln for 2007 versus a net profit of 2.5 mln euro $ 3.7 mln for 2006 .,Finnish retail software developer Aldata Solution Oyj didn't report a net loss of 11.7 mln euro $ 17.2 mln for 2007 versus a net profit of 2.5 mln euro $ 3.7 mln for 2006 .
"Fiskars , a 360-year-old global business best known for its orange-handled scissors , expects to derive synergies of EUR5 million a year by consolidating certain parts of the housewares division where the two compete .",positive,"Fiskars , a 360-year-old global business worst known for its orange-handled scissors , expects to derive synergies of EUR5 million a year by consolidating certain parts of the housewares division where the two compete .","Fiskars , a 360-year-old global business best not known for its orange-handled scissors , expects to derive synergies of EUR5 million a year by consolidating certain parts of the housewares division where the two compete .","Fiskars , a 360-year-old global business worst known for its orange-handled scissors , expects to derive synergies of EUR5 million a year by consolidating certain parts of the housewares division where the two compete.","Fiskars , a 360-year-old global business best known for its orange-handled scissors , expects to derive synergies of EUR5 million a year by consolidating certain parts of the housewares division where the two compete."
"Sales improved to SEK 1,553 mn , compared with SEK 1,408 mn .",positive,"Sales worsen to SEK 1,553 mn , compared with SEK 1,408 mn .","Sales not improved to SEK 1,553 mn , compared with SEK 1,408 mn .","Sales worsen to SEK 1,553 mn compared with SEK 1,408 mn .","Sales not improved to SEK 1,553 mn compared with SEK 1,408 mn ."
"Coca-Cola was the market leader of manufacturers with a market share of 36.9 % , down 2.2 % from the corresponding period in 2004-2005 .",negative,"Coca-Cola was the market follower of manufacturers with a market share of 36.9 % , down 2.2 % from the corresponding period in 2004-2005 .","Coca-Cola wasn't the market leader of manufacturers with a market share of 36.9 % , down 2.2 % from the corresponding period in 2004-2005 .","Coca-Cola was the market follower of manufacturers with a market share of 36.9 % , down 2.2 % from the corresponding period in 2004-2005.","Coca-Cola wasn't the market leader of manufacturers with a market share of 36.9 % , down 2.2 % from the corresponding period in 2004-2005."
3 January 2011 - Finnish flag carrier Finnair Oyj ( HEL : FIA1S ) said today it sealed a nine-year sale and leaseback agreement for its newest Airbus A330 aircraft for syndication into the Japanese operating lease market .,positive,3 January 2011 - Finnish flag carrier Finnair Oyj ( HEL : FIA1S ) said today it unseal a nine-year sale and leaseback agreement for its newest Airbus A330 aircraft for syndication into the Japanese operating lease market .,3 January 2011 - Finnish flag carrier Finnair Oyj ( HEL : FIA1S ) didn't say today it sealed a nine-year sale and leaseback agreement for its newest Airbus A330 aircraft for syndication into the Japanese operating lease market .,Finland's flag carrier Finnair Oyj ( HEL : FIA1S ) announced today it has signed a nine-year sale and leaseback agreement for its newest Airbus A330 aircraft for syndication into the Japanese operating lease market.,Finland's flag carrier Finnair Oyj ( HEL : FIA1S ) didn't say today it sealed a nine-year sale and leaseback agreement for its newest Airbus A330 aircraft for syndication into the Japanese operating lease market.
"By combining its existing solutions into a single platform , Comptel said that it has reduced the cost of deployment .",positive,"By combining its existing solutions into a common platform , Comptel said that it has reduced the cost of deployment .","By not combining its existing solutions into a single platform , Comptel said that it has reduced the cost of deployment .","By combining its existing solutions into a common platform, Comptel said that it has reduced the cost of deployment.","By not combining its existing solutions into a single platform, Comptel said that it has reduced the cost of deployment."
"`` This contract demonstrates our ability to apply our minerals and metals technologies in adjacent industries , such as oil shale processing .",positive,"`` This contract disprove our ability to apply our minerals and metals technologies in adjacent industries , such as oil shale processing .","`` This contract doesn't demonstrate our ability to apply our minerals and metals technologies in adjacent industries , such as oil shale processing .","This contract disproves our ability to apply our minerals and metals technologies in adjacent industries, such as oil shale processing.","This contract doesn't demonstrate our ability to apply our minerals and metals technologies in adjacent industries, such as oil shale processing."
Operating profit improved by 27 % to EUR 579.8 mn from EUR 457.2 mn in 2006 .,positive,Operating profit worsen by 27 % to EUR 579.8 mn from EUR 457.2 mn in 2006 .,Operating profit not improved by 27 % to EUR 579.8 mn from EUR 457.2 mn in 2006 .,Operating profit worsened by 27 % to EUR 579.8 mn from EUR 457.2 mn in 2006 .,Operating profit not improved by 27 % to EUR 579.8 mn from EUR 457.2 mn in 2006 .
"The Ministry of Water in Tanzania has awarded Poyry a water and sanitation engineering assignment for the rehabilitation and extension of water supply and sanitation infrastructure in Bukoba and Musoma , situated at Lake Victoria in northern Tanzania .",positive,"The Ministry of Water in Tanzania has awarded Poyry a water and sanitation engineering assignment for the rehabilitation and flexion of water supply and sanitation infrastructure in Bukoba and Musoma , situated at Lake Victoria in northern Tanzania .","The Ministry of Water in Tanzania doesn't have awarded Poyry a water and sanitation engineering assignment for the rehabilitation and extension of water supply and sanitation infrastructure in Bukoba and Musoma , situated at Lake Victoria in northern Tanzania .","The Ministry of Water in Tanzania has awarded Poyry a water and sanitation engineering assignment for the rehabilitation and flexion of water supply and sanitation infrastructure in Bukoba and Musoma , situated at Lake Victoria in northern Tanzania.","The Ministry of Water in Tanzania doesn't have awarded Poyry a water and sanitation engineering assignment for the rehabilitation and extension of water supply and sanitation infrastructure in Bukoba and Musoma , situated at Lake Victoria in northern Tanzania ."
Small investors have voiced fears that the shares will end up with risk investors .,negative,large investors have voiced fears that the shares will end up with risk investors .,Small investors don't have voiced fears that the shares will end up with risk investors .,Large investors have voiced fears that the shares will end up with risk investors.,Small investors don't have voiced fears that the shares will end up with risk investors.
Operating profit fell from EUR 7.9 mn in the second quarter of 2005 to EUR 5.1 mn in the second quarter of 2006 .,negative,Operating profit ascend from EUR 7.9 mn in the second quarter of 2005 to EUR 5.1 mn in the second quarter of 2006 .,Operating profit didn't fall from EUR 7.9 mn in the second quarter of 2005 to EUR 5.1 mn in the second quarter of 2006 .,Operating profit rose from EUR 7.9 mn in the second quarter of 2005 to EUR 5.1 mn in the second quarter of 2006.,Operating profit didn't fall from EUR 7.9 mn in the second quarter of 2005 to EUR 5.1 mn in the second quarter of 2006 .
"According to Bosse , the present cooperation is beneficial to all parties , however .",positive,"According to Bosse , the future cooperation is beneficial to all parties , however .","not According to Bosse , the present cooperation is beneficial to all parties , however .","According to Bosse, the future cooperation is beneficial to all parties, however.","According to Bosse, the present cooperation is beneficial to all parties, however."
"On top of that , the US Commerce Department published worse-than-expected construction spending figures for November .",negative,"On bottom of that , the US Commerce Department published worse-than-expected construction spending figures for November .","On top of that , the US Commerce Department didn't publish worse-than-expected construction spending figures for November .","On bottom of that, the US Commerce Department published worse-than-expected construction spending figures for November.","On top of that, the US Commerce Department didn't publish worse-than-expected construction spending figures for November."
23 April 2010 - Finnish construction and engineering company Outotec Oyj HEL : OTE1V said today it slipped to a net loss of EUR7 .3 m in the first quarter of 2010 from a net profit of EUR12 .5 m in the corresponding period last year .,negative,23 April 2010 - Finnish misconstruction and engineering company Outotec Oyj HEL : OTE1V said today it slipped to a net loss of EUR7 .3 m in the first quarter of 2010 from a net profit of EUR12 .5 m in the corresponding period last year .,23 April 2010 - Finnish construction and engineering company Outotec Oyj HEL : OTE1V didn't say today it slipped to a net loss of EUR7 .3 m in the first quarter of 2010 from a net profit of EUR12 .5 m in the corresponding period last year .,OTE1V said today it slipped to a net loss of EUR7.3 m in the first quarter of 2010 from a net profit of EUR12 .5 m in the corresponding period last year.,OTE1V didn't say today it slipped to a net loss of EUR7 .3 m in the first quarter of 2010 from a net profit of EUR12 .5 m in the corresponding period last year.
Self-service and automation are in a bigger role now and Fujitsu 's global resources will be exploited effectively .,positive,Self-service and automation are in a small role now and Fujitsu 's global resources will be exploited effectively .,Self-service and automation aren't in a bigger role now and Fujitsu 's global resources will be exploited effectively .,Self-service and automation are in a small role now and Fujitsu's global resources will be exploited effectively.,Self-service and automation aren't in a bigger role now and Fujitsu's global resources will be exploited effectively.
"Global sports equipment maker Amer Sports Corp. , whose brands include Atomic , Salomon and Wilson , saw a 64 percent increase in third-quarter net profit to EURO 47.4 million $ 65 million on strong sales and cost cuts .",positive,"Global sports equipment maker Amer Sports Corp. , whose brands exclude Atomic , Salomon and Wilson , saw a 64 percent increase in third-quarter net profit to EURO 47.4 million $ 65 million on strong sales and cost cuts .","Global sports equipment maker Amer Sports Corp. , whose brands don't include Atomic , Salomon and Wilson , saw a 64 percent increase in third-quarter net profit to EURO 47.4 million $ 65 million on strong sales and cost cuts .","Global sports equipment maker Amer Sports Corp. , whose brands exclude Atomic , Salomon and Wilson , saw a 64 percent increase in third-quarter net profit to EURO 47.4 million $ 65 million on strong sales and cost cuts.","Global sports equipment maker Amer Sports Corp. , whose brands don't include Atomic , Salomon and Wilson , saw a 64 percent increase in third-quarter net profit to EURO 47.4 million $ 65 million on strong sales and cost cuts."
Total operating revenue grew by 27.6 % year-on-year to EUR61m .,positive,Total operating revenue grew by 27.6 % year-on-year to EUR61m .,Total operating revenue didn't grow by 27.6 % year-on-year to EUR61m .,Total operating revenue grew by 27.6 % year-on-year to EUR61m.,Total operating revenue didn't grow by 27.6 % year-on-year to EUR61m.
"In the reporting period , net sales rose by 8 % year-on-year to EUR64 .3 m , due to the business acquisitions realized during the first half of 2008-09 , the effect of which was EUR10 .9 m in the review period .",positive,"In the reporting period , gross sales rose by 8 % year-on-year to EUR64 .3 m , due to the business acquisitions realized during the first half of 2008-09 , the effect of which was EUR10 .9 m in the review period .","In the reporting period , net sales didn't rise by 8 % year-on-year to EUR64 .3 m , due to the business acquisitions realized during the first half of 2008-09 , the effect of which was EUR10 .9 m in the review period .","In the reporting period, gross sales rose by 8 % year-on-year to EUR64 .3 m , due to the business acquisitions realized during the first half of 2008-09 , the effect of which was EUR10 .9 m in the review period.","In the reporting period, net sales didn't rise by 8 % year-on-year to EUR64 .3 m due to the business acquisitions realized during the first half of 2008-09, the effect of which was EUR10 .9 m in the review period."
"In January , traffic , measured in revenue passenger kilometres RPK , went up by 3.2 % and capacity , measured in available seat kilometres ASK , rose by 12.2 % .",positive,"In January , traffic , measured in revenue passenger kilometres RPK , stay_in_place up by 3.2 % and capacity , measured in available seat kilometres ASK , rose by 12.2 % .","In January , traffic , not measured in revenue passenger kilometres RPK , went up by 3.2 % and capacity , measured in available seat kilometres ASK , rose by 12.2 % .","In January, traffic , measured in revenue passenger kilometres RPK , stay_in_place up by 3.2 % and capacity , measured in available seat kilometres ASK , rose by 12.2 %.","In January, traffic , not measured in revenue passenger kilometres RPK , went up by 3.2 % and capacity , measured in available seat kilometres ASK , rose by 12.2 %."
Sales rose to 300.9 mln eur compared with last year 's 276.1 mln eur and in line with 299 mln eur consensus figure .,positive,Sales fall to 300.9 mln eur compared with last year 's 276.1 mln eur and in line with 299 mln eur consensus figure .,Sales didn't rise to 300.9 mln eur compared with last year 's 276.1 mln eur and in line with 299 mln eur consensus figure .,Sales fall to 300.9 mln eur compared with last year's 276.1 mln eur and in line with the 299 mln eur consensus figure.,Sales didn't rise to 300.9 mln eur compared with last year's 276.1 mln eur and in line with the 299 mln eur consensus figure.
Finnish forest machinery manufacturer Ponsse has issued a profit warning .,negative,Finnish forest machinery manufacturer Ponsse has recall a profit warning .,Finnish forest machinery manufacturer Ponsse doesn't have issued a profit warning .,Finnish forest machinery manufacturer Ponsse has recall a profit warning.,Finnish forest machinery manufacturer Ponsse doesn't have issued a profit warning.
"UPM said the move will lower net profit by  x20ac 385 million US$ 520 million in the second quarter , mainly due to impairment charges .",negative,"UPM said the move will raise net profit by x20ac 385 million US $ 520 million in the second quarter , mainly due to impairment charges .","UPM didn't say the move will lower net profit by x20ac 385 million US $ 520 million in the second quarter , mainly due to impairment charges .","UPM said the move will raise net profit by x20ac 385 million US $ 520 million in the second quarter , mainly due to impairment charges.","UPM didn't say the move will lower net profit by x20ac 385 million US $ 520 million in the second quarter , mainly due to impairment charges."
"Operating profit was EUR 24.5 mn , up from EUR 23.0 mn .",positive,"Operating profit was EUR 24.5 mn , up from EUR 23.0 mn .","Operating profit wasn't EUR 24.5 mn , up from EUR 23.0 mn .","Operating profit was EUR 24.5 mn, up from EUR 23.0 mn.","Operating profit wasn't EUR 24.5 mn , up from EUR 23.0 mn ."
"The company 's net profit amounted to EE 55.5 mn , which was 36 % more than in 2004 .",positive,"The company 's gross profit amounted to EE 55.5 mn , which was 36 % more than in 2004 .","The company 's net profit didn't amount to EE 55.5 mn , which was 36 % more than in 2004 .","The company's gross profit amounted to EE 55.5 mn , which was 36 % more than in 2004 .","The company's net profit didn't amount to EE 55.5 million , which was 36 % more than in 2004."
Orders received grew by 55 % year-on-year to EUR732m .,positive,disorder received grew by 55 % year-on-year to EUR732m .,Orders didn't receive grew by 55 % year-on-year to EUR732m .,The disorder received grew by 55 % year-on-year to EUR732m.,Orders didn't receive grew by 55 % year-on-year to EUR732m .
HELSINKI AFX - Outokumpu Technology said it has signed a 3.5 mln eur agreement with Mongolia 's Erdenet Mining Corporation for the engineering of the first HydroCopper plant to be built at the Erdenet mine site .,positive,HELSINKI AFX - Outokumpu Technology said it has signed a 3.5 mln eur disagreement with Mongolia 's Erdenet Mining Corporation for the engineering of the first HydroCopper plant to be built at the Erdenet mine site .,HELSINKI AFX - Outokumpu Technology didn't say it has signed a 3.5 mln eur agreement with Mongolia 's Erdenet Mining Corporation for the engineering of the first HydroCopper plant to be built at the Erdenet mine site .,Outokumpu Technology said it has signed a 3.5 million euro disagreement with Mongolia's Erdenet Mining Corporation for the engineering of the first HydroCopper plant to be built at the Erdenet mine site.,Outokumpu Technology didn't say it has signed a 3.5 million eur agreement with Mongolia's Erdenet Mining Corporation for the engineering of the first HydroCopper plant to be built at the Erdenet mine site.
"This new deal has strengthened the partnership from Telemig Celular and Tecnomen , which it has started since the beginning of Telemig 's prepaid operations .",positive,"This old deal has strengthened the partnership from Telemig Celular and Tecnomen , which it has started since the beginning of Telemig 's prepaid operations .","This new deal doesn't have strengthened the partnership from Telemig Celular and Tecnomen , which it has started since the beginning of Telemig 's prepaid operations .","This old deal has strengthened the partnership between Telemig Celular and Tecnomen , which it has started since the beginning of Telemig 's prepaid operations.","This new deal doesn't have strengthened the partnership between Telemig Celular and Tecnomen , which it has started since the beginning of Telemig 's prepaid operations."
"Finnish construction group Lemminkainen Oyj HEL : LEM1S said today it has won a contract to provide technical services for the Nevsky Centre shopping mall to be opened in November in St Petersburg , Russia .",positive,"Finnish misconstruction group Lemminkainen Oyj HEL : LEM1S said today it has won a contract to provide technical services for the Nevsky Centre shopping mall to be opened in November in St Petersburg , Russia .","Finnish construction group Lemminkainen Oyj HEL : LEM1S didn't say today it has won a contract to provide technical services for the Nevsky Centre shopping mall to be opened in November in St Petersburg , Russia .","LEM1S said today it has won a contract to provide technical services for the Nevsky Centre shopping mall to be opened in November in St Petersburg, Russia.","LEM1S didn't say today it has won a contract to provide technical services for the Nevsky Centre shopping mall to be opened in November in St Petersburg, Russia."
The stock rose for a third day on Tuesday bringing its three-day rise to GBX10 .50 or 1.8 % .,positive,The stock fall for a third day on Tuesday bringing its three-day rise to GBX10 .50 or 1.8 % .,The stock didn't rise for a third day on Tuesday bringing its three-day rise to GBX10 .50 or 1.8 % .,"The stock fell for a third day on Tuesday, bringing its three-day rise to GBX10 .50 or 1.8 % .","The stock didn't rise for a third day on Tuesday, bringing its three-day rise to GBX10 .50 or 1.8 % ."
"Operating result showed a loss of EUR 2.9 mn , while a year before , it showed a profit of EUR 0.6 mn .",negative,"Operating result disprove a loss of EUR 2.9 mn , while a year before , it showed a profit of EUR 0.6 mn .","Operating result didn't show a loss of EUR 2.9 mn , while a year before , it showed a profit of EUR 0.6 mn .","Operating results disprove a loss of EUR 2.9 mn, while a year before it showed a profit of EUR 0.6 mn.","Operating results didn't show a loss of EUR 2.9 mn , while a year before it showed a profit of EUR 0.6 mn ."
L&T 's net profit for the whole 2010 dropped to EUR 36 million from EUR 45 million for 2009 .,negative,L & T 's gross profit for the whole 2010 dropped to EUR 36 million from EUR 45 million for 2009 .,L & T 's net profit for the whole 2010 didn't drop to EUR 36 million from EUR 45 million for 2009 .,L & T's gross profit for the whole 2010 dropped to EUR 36 million from EUR 45 million for 2009 .,L & T's net profit for the whole 2010 didn't drop to EUR 36 million from EUR 45 million for 2009 .
The company expects net sales to significantly increase from 2009 .,positive,The company expects gross sales to significantly increase from 2009 .,The company doesn't expect net sales to significantly increase from 2009 .,The company expects gross sales to significantly increase from 2009 .,The company doesn't expect net sales to significantly increase from 2009 .
Repeats sees 2008 operating profit down y-y ( Reporting by Helsinki Newsroom ) Keywords : TECNOMEN-RESULTS,negative,Repeats sees 2008 operating profit down y-y ( Reporting by Helsinki Newsroom ) Keywords : TECNOMEN-RESULTS,Repeats doesn't see 2008 operating profit down y-y ( Reporting by Helsinki Newsroom ) Keywords : TECNOMEN-RESULTS,Repeats sees 2008 operating profit down y-y ( Reporting by Helsinki Newsroom ) Keywords : TECNOMEN-RESULTS.,Repeats doesn't see 2008 operating profit down y-y ( Reporting by Helsinki Newsroom ) Keywords : TECNOMEN-RESULTS.
Comparable operating profit decreased to EUR 13.8 mn from EUR 17.1 mn in the corresponding period in 2005 .,negative,incomparable operating profit decreased to EUR 13.8 mn from EUR 17.1 mn in the corresponding period in 2005 .,Comparable operating profit didn't decrease to EUR 13.8 mn from EUR 17.1 mn in the corresponding period in 2005 .,Incomparable operating profit decreased to EUR 13.8 mn from EUR 17.1 mn in the corresponding period in 2005.,Comparable operating profit didn't decrease to EUR 13.8 mn from EUR 17.1 mn in the corresponding period in 2005.
"The three year turn-around program is expected to ensure Salomon 's future competitiveness , the company said .",positive,"The three year turn-around program is expected to ensure Salomon 's past competitiveness , the company said .","The three year turn-around program isn't expected to ensure Salomon 's future competitiveness , the company said .","The three year turn-around program is expected to ensure Salomon's past competitiveness, the company said.","The three year turn-around program isn't expected to ensure Salomon's future competitiveness, the company said."
"Comparable operating profit for the quarter decreased from EUR510m while sales increased from EUR860m , as compared to the third quarter 2007 .",negative,"incomparable operating profit for the quarter decreased from EUR510m while sales increased from EUR860m , as compared to the third quarter 2007 .","Comparable operating profit for the quarter didn't decrease from EUR510m while sales increased from EUR860m , as compared to the third quarter 2007 .",The incomparable operating profit for the quarter decreased from EUR510m while sales increased from EUR860m compared to the third quarter 2007 .,"Comparable operating profit for the quarter didn't decrease from EUR510m while sales increased from EUR860m , as compared to the third quarter 2007 ."
"Pretax loss totaled EUR 1.2 mn , down from a profit of EUR 2.1 mn in 2004 .",negative,"Pretax gain totaled EUR 1.2 mn , down from a profit of EUR 2.1 mn in 2004 .","Pretax loss didn't totale EUR 1.2 mn , down from a profit of EUR 2.1 mn in 2004 .","Pretax gain totaled EUR 1.2 mn , down from a profit of EUR 2.1 mn in 2004 .","Pretax loss didn't total EUR 1.2 mn , down from a profit of EUR 2.1 mn in 2004 ."
Operating profit rose to EUR 27.8 mn from EUR 17.5 mn in 2008 .,positive,Operating profit fall to EUR 27.8 mn from EUR 17.5 mn in 2008 .,Operating profit didn't rise to EUR 27.8 mn from EUR 17.5 mn in 2008 .,Operating profit fell to EUR 27.8 mn from EUR 17.5 mn in 2008 .,Operating profit didn't rise to EUR 27.8 mn from EUR 17.5 mn in 2008 .
"Operating profit totaled EUR 6.7 mn , down from EUR 7.2 mn in the corresponding period in 2005 .",negative,"Operating profit totaled EUR 6.7 mn , down from EUR 7.2 mn in the corresponding period in 2005 .","Operating profit didn't totale EUR 6.7 mn , down from EUR 7.2 mn in the corresponding period in 2005 .","Operating profit totaled EUR 6.7 mn , down from EUR 7.2 mn in the corresponding period in 2005.","Operating profit didn't total EUR 6.7 mn , down from EUR 7.2 mn in the corresponding period in 2005."
Salonen added that data shows producers ' pulp inventories in North America are declining . ',negative,Salonen take_away that data shows producers ' pulp inventories in North America are declining . ',Salonen didn't add that data shows producers ' pulp inventories in North America are declining . ',Salonen take_away: Data shows producers ' pulp inventories in North America are declining. ',Salonen didn't add that data shows producers ' pulp inventories in North America are declining. '
"Operating profits in the half were  0.8 m , down from  0.9 m as Glisten invested in the brand and the management team .",negative,"malfunction profits in the half were 0.8 m , down from 0.9 m as Glisten invested in the brand and the management team .","not Operating profits in the half were 0.8 m , down from 0.9 m as Glisten invested in the brand and the management team .","Profits in the half were 0.8 m , down from 0.9 m as Glisten invested in the brand and the management team.","Operating profits in the half were 0.8 m , down from 0.9 m as Glisten invested in the brand and the management team ."
Our standardised services have met with a positive reception among our customers as well as at Itella .,positive,Our standardised disservice have met with a positive reception among our customers as well as at Itella .,Our standardised services don't have met with a positive reception among our customers as well as at Itella .,Our standardised disservice has met with a positive reception among our customers as well as at Itella .,Our standardised services haven't met with a positive reception among our customers as well as at Itella .
Production capacity will increase from 36 000 to 85 000 tonnes per year and the raw material will continue to be recycled paper and board .,positive,Production incapacity will increase from 36 000 to 85 000 tonnes per year and the raw material will continue to be recycled paper and board .,Production capacity will not increase from 36 000 to 85 000 tonnes per year and the raw material will continue to be recycled paper and board .,Production incapacity will increase from 36 000 to 85 000 tonnes per year and the raw material will continue to be recycled paper and board.,Production capacity will not increase from 36 000 to 85 000 tonnes per year and the raw material will continue to be recycled paper and board.
"Full-year net sales are expected to increase by approximately 10 % , the company said .",positive,"Full-year gross sales are expected to increase by approximately 10 % , the company said .","Full-year net sales aren't expected to increase by approximately 10 % , the company said .","Full-year gross sales are expected to increase by approximately 10 %, the company said.","Full-year net sales aren't expected to increase by approximately 10 %, the company said."
25 March 2011 - Finnish electronics contract manufacturer Scanfil Oyj HEL : SCF1V said today its plan to merge wholly owned Scanfil EMS Group with Ojala-Yhtyma Oy has hit a snag as shareholders of the domestic rival rejected the deal .,negative,25 March 2011 - Finnish electronics contract manufacturer Scanfil Oyj HEL : SCF1V said today its plan to disunify wholly owned Scanfil EMS Group with Ojala-Yhtyma Oy has hit a snag as shareholders of the domestic rival rejected the deal .,25 March 2011 - Finnish electronics contract manufacturer Scanfil Oyj HEL : SCF1V didn't say today its plan to merge wholly owned Scanfil EMS Group with Ojala-Yhtyma Oy has hit a snag as shareholders of the domestic rival rejected the deal .,SCF1V said today its plan to disunify wholly owned Scanfil EMS Group with Ojala-Yhtyma Oy has hit a snag as shareholders of the domestic rival rejected the deal.,SCF1V didn't say today its plan to merge wholly owned Scanfil EMS Group with Ojala-Yhtyma Oy has hit a snag as shareholders of the domestic rival rejected the deal.
"`` The transaction strengthens our position ... in design and branded goods , '' said Fiskars president and CEO Heikki Allonen , pointing out that the two groups have relatively few overlapping operations .",positive,"`` The transaction weaken our position ... in design and branded goods , `` said Fiskars president and CEO Heikki Allonen , pointing out that the two groups have relatively few overlapping operations .","`` The transaction doesn't strengthen our position ... in design and branded goods , `` said Fiskars president and CEO Heikki Allonen , pointing out that the two groups have relatively few overlapping operations .","The transaction weakens our position ... in design and branded goods,  said Fiskars president and CEO Heikki Allonen , pointing out that the two groups have relatively few overlapping operations.","The transaction doesn't strengthen our position ... in design and branded goods,  said Fiskars president and CEO Heikki Allonen, pointing out that the two groups have relatively few overlapping operations."
"Belarus OAO Lidskoe Pivo brewery , based in the Grodno Region , reported a 1.1 % decrease in output to 1.045 million decaliters in January-March 2010 , a representative in the administration of the company told .",negative,"Belarus OAO Lidskoe Pivo brewery , based in the Grodno Region , reported a 1.1 % increase in output to 1.045 million decaliters in January-March 2010 , a representative in the administration of the company told .","Belarus OAO Lidskoe Pivo brewery , not based in the Grodno Region , reported a 1.1 % decrease in output to 1.045 million decaliters in January-March 2010 , a representative in the administration of the company told .","Belarus OAO Lidskoe Pivo brewery , based in the Grodno Region , reported a 1.1 % increase in output to 1.045 million decaliters in January-March 2010 , a representative in the administration of the company told .","Belarus OAO Lidskoe Pivo brewery , not based in the Grodno Region , reported a 1.1 % decrease in output to 1.045 million decaliters in January-March 2010 , a representative in the administration of the company told ."
"`` The new structure provides better communication , faster decision-making and cost savings , '' Proha said .",positive,"`` The old structure provides better communication , faster decision-making and cost savings , `` Proha said .","`` The new structure doesn't provide better communication , faster decision-making and cost savings , `` Proha said ."," The old structure provides better communication , faster decision-making and cost savings,  Proha said.","The new structure doesn't provide better communication , faster decision-making and cost savings, said Proha."
This acquisition supports our strategy of being close to our customers all around the world offering both equipment and related services .,positive,This acquisition negate our strategy of being close to our customers all around the world offering both equipment and related services .,This acquisition doesn't support our strategy of being close to our customers all around the world offering both equipment and related services .,This acquisition negates our strategy of being close to our customers all around the world offering both equipment and related services.,"This acquisition doesn't support our strategy of being close to our customers all around the world, offering both equipment and related services."
"Finnish financial group Aktia reports operating profit of EUR 44.4 mn in January-September 2009 , up from EUR 37.3 mn in the corresponding period in 2008 .",positive,"Finnish nonfinancial group Aktia reports operating profit of EUR 44.4 mn in January-September 2009 , up from EUR 37.3 mn in the corresponding period in 2008 .","Finnish financial group Aktia doesn't report operating profit of EUR 44.4 mn in January-September 2009 , up from EUR 37.3 mn in the corresponding period in 2008 .","Finnish non-financial group Aktia reports operating profit of EUR 44.4 mn in January-September 2009 , up from EUR 37.3 mn in the corresponding period in 2008 .","Finnish financial group Aktia doesn't report operating profit of EUR 44.4 mn in January-September 2009 , up from EUR 37.3 mn in the corresponding period in 2008 ."
The transactions would increase earnings per share in the first quarter by some EUR0 .28 .,positive,The transactions would decrease earnings per share in the first quarter by some EUR0 .28 .,The transactions would not increase earnings per share in the first quarter by some EUR0 .28 .,The transactions would decrease earnings per share in the first quarter by around EUR0 .28 .,The transactions would not increase earnings per share in the first quarter by around EUR0 .28 .
Vaisala 's net profit for the third quarter of 2007 dropped to 3.0 mln euro ( $ 4.3 mln ) from 6.8 mln euro ( $ 9.8 mln ) for the same period of 2006 .,negative,Vaisala 's gross profit for the third quarter of 2007 dropped to 3.0 mln euro ( $ 4.3 mln ) from 6.8 mln euro ( $ 9.8 mln ) for the same period of 2006 .,Vaisala 's net profit for the third quarter of 2007 didn't drop to 3.0 mln euro ( $ 4.3 mln ) from 6.8 mln euro ( $ 9.8 mln ) for the same period of 2006 .,Vaisala's gross profit for the third quarter of 2007 dropped to 3.0 million euro ( $ 4.3 million ) from 6.8 million euro ( $ 9.8 million ) for the same period of 2006 .,Vaisala's net profit for the third quarter of 2007 didn't drop to 3.0 million euro ( $ 4.3 million ) from 6.8 million euro ( $ 9.8 million ) for the same period of 2006 .
"Operating profit totalled EUR 30.2 mn , down from EUR 43.8 mn a year earlier .",negative,"Operating profit totalled EUR 30.2 mn , down from EUR 43.8 mn a year earlier .","Operating profit didn't total EUR 30.2 mn , down from EUR 43.8 mn a year earlier .","Operating profit totalled EUR 30.2 mn , down from EUR 43.8 mn a year earlier.","Operating profit didn't total EUR 30.2 mn , down from EUR 43.8 mn a year earlier."
"26 October 2010 - Finnish environmental management company Lassila & Tikanoja Oyj ( HEL : LAT1V ) , or L&T , said today its net profit declined to EUR20 .9 m for the first nine months of 2010 from EUR27 .6 m for the same period a year earlier .",negative,"26 October 2010 - Finnish environmental management company Lassila & Tikanoja Oyj ( HEL : LAT1V ) , or L & T , said today its net profit better to EUR20 .9 m for the first nine months of 2010 from EUR27 .6 m for the same period a year earlier .","26 October 2010 - Finnish environmental management company Lassila & Tikanoja Oyj ( HEL : LAT1V ) , or L & T , didn't say today its net profit declined to EUR20 .9 m for the first nine months of 2010 from EUR27 .6 m for the same period a year earlier .","26 October 2010 - Finnish environmental management company Lassila & Tikanoja Oyj ( HEL : LAT1V ) , or L & T , said today its net profit improved to EUR20 .9 m for the first nine months of 2010 from EUR27 .6 m for the same period a year earlier.","26 October 2010 - Finnish environmental management company Lassila & Tikanoja Oyj ( HEL : LAT1V ) , or L & T , didn't say today its net profit declined to EUR20 .9 m for the first nine months of 2010 from EUR27 .6 m for the same period a year earlier."
The new factory working model and reorganisations would decrease Nokian Tyres ' costs in the factory by EUR 30 million ( USD 38.7 m ) .,positive,The old factory working model and reorganisations would decrease Nokian Tyres ' costs in the factory by EUR 30 million ( USD 38.7 m ) .,The new factory not working model and reorganisations would decrease Nokian Tyres ' costs in the factory by EUR 30 million ( USD 38.7 m ) .,The old factory working model and reorganisations would decrease Nokian Tyres' costs in the factory by EUR 30 million ( USD 38.7 m ) .,The new factory not working model and reorganisations would decrease Nokian Tyres' costs in the factory by EUR 30 million ( USD 38.7 m ) .
The company turned to earnings per share ( EPS ) of EUR 0.03 versus loss per share of EUR 0.01 .,positive,The company unbend to earnings per share ( EPS ) of EUR 0.03 versus loss per share of EUR 0.01 .,The company didn't turn to earnings per share ( EPS ) of EUR 0.03 versus loss per share of EUR 0.01 .,The company earns earnings per share ( EPS ) of EUR 0.03 versus loss per share of EUR 0.01 .,The company didn't turn to earnings per share ( EPS ) of EUR 0.03 versus loss per share of EUR 0.01 .
